{"cameraMode":{"drawMode":0,"name":"Shaded","section":"Shading Mode"},"sceneLighting":true,"audioPlay":false,"sceneViewState":{"m_AlwaysRefresh":false,"showFog":true,"showSkybox":true,"showFlares":true,"showImageEffects":true,"showParticleSystems":true,"showVisualEffectGraphs":true,"m_FxEnabled":true},"in2DMode":false,"pivot":{"x":51.794883728027347,"y":18.498615264892579,"z":-6.841065406799316},"rotation":{"x":0.5621616840362549,"y":0.0024810333270579578,"z":-0.001686452771537006,"w":0.8270220160484314},"size":113.90333557128906,"orthographic":false}