{"cameraMode":{"drawMode":0,"name":"Shaded","section":"Shading Mode"},"sceneLighting":false,"audioPlay":false,"sceneViewState":{"m_AlwaysRefresh":false,"showFog":true,"showSkybox":false,"showFlares":true,"showImageEffects":true,"showParticleSystems":true,"showVisualEffectGraphs":true,"m_FxEnabled":true},"in2DMode":false,"pivot":{"x":-0.02633112668991089,"y":2.0781664848327638,"z":0.2704486846923828},"rotation":{"x":0.6391950249671936,"y":0.025364767760038377,"z":-0.02110106498003006,"w":0.7683457732200623},"size":5.076103687286377,"orthographic":false}