{"cameraMode":{"drawMode":0,"name":"Shaded","section":"Shading Mode"},"sceneLighting":false,"audioPlay":false,"sceneViewState":{"m_AlwaysRefresh":false,"showFog":true,"showSkybox":false,"showFlares":true,"showImageEffects":true,"showParticleSystems":true,"showVisualEffectGraphs":true,"m_FxEnabled":true},"in2DMode":false,"pivot":{"x":0.6376504898071289,"y":6.178356647491455,"z":-6.84977912902832},"rotation":{"x":0.05629957839846611,"y":-0.04940135404467583,"z":0.002788828918710351,"w":0.9971933364868164},"size":13.590184211730957,"orthographic":false}